{"type":"FeatureCollection","features":[{"type":"Feature","id":0,"geometry":{"type":"Polygon","coordinates":[[[-107.35251755481866,45.318522700913348],[-107.34738891626846,45.318526282900677],[-107.34226009086888,45.31853197780309],[-107.33713133553778,45.318537737766356],[-107.33713157333574,45.322158892758303],[-107.3422598444746,45.322151722748032],[-107.34738814525765,45.322144361354844],[-107.35254143897438,45.322138083192947],[-107.35817494520211,45.32212416739403],[-107.35817217204752,45.321816367460933],[-107.35814233211512,45.318511025371301],[-107.35251755481866,45.318522700913348]]]},"properties":{"FID":0,"loc_gr":"a","FID_1":3724,"OBJECTID_1":3579,"OBJECTID":6439232,"STATEABBR":"MT","PRINMERCD":"20","PRINMER":"Montana Meridian","TWNSHPNO":"006","TWNSHPFRAC":"0","TWNSHPDIR":"S","RANGENO":"036","RANGEFRAC":"0","RANGEDIR":"E","TWNSHPDPCD":"0","PLSSID":"MT200060S0360E0","STEWARD":" ","TWNSHPLAB":"6S 36E","FRSTDIVID":"MT200060S0360E0SN070","FRSTDIVTYP":"SN","FRSTDIVTXT":"Section","FRSTDIVNO":"07","FRSTDIVDUP":"0","FRSTDIVLAB":"07","SECDIVID":"MT200060S0360E0SN070ASESW","SECDIVTYP":"A","SECDIVTXT":"Aliquot Part","SECDIVNO":"SESW","SECDIVSUF":" ","SECDIVNOTE":" ","SECDIVLAB":"SESW","SURVID":" ","SURVTYP":" ","SURVTYPTXT":" ","SRVNAME":" ","SURVNO":" ","SURVSUF":" ","SURVNOTE":" ","SURVDIV":" ","SURVLAB":" ","QSEC":" ","QQSEC":" ","GOVLOT":" ","SOURCEREF":" ","SOURCEDATE":null,"RECRDAREAT":"40 Acres","RECRDAREAN":40,"GISACRE":40.036651560000003,"REVISEDDAT":null,"Shape_Leng":2289.76702381,"file_num":77,"Shape_Le_2":2289.76702381,"Shape_Area":327688.44910700002,"survey_id":"na","homestd_id":"na","highlight":0,"hatch":0,"survey_gr":" ","homestd_gr":" ","loc_note":"Baptist Mission","loc_gr_1":"a","unique_id":" ","File":" ","Page":0,"First_Name":" ","Last_Name":" ","Alt_Name":" ","Linked_Acc":" ","Sex":" ","Photo_Desc":" ","Photo_De_1":" ","No_of_Room":" ","Constructi":" ","People":" ","Age":0,"Survey_Dat":null,"Alt_Survey":null,"Survey_All":" ","Homestead_":" ","Property_N":" ","Degree":" ","Status":" ","Reimb_Debt":0,"Family_Des":" ","Family_Siz":0,"Household_":0,"Generation":0,"Alt_Family":" ","HOH_Marita":" ","Education_":" ","Education1":" ","Educatio_1":" ","School_Des":" ","School_Loc":" ","School_typ":" ","Health_Com":" ","Health":" ","Location_D":" ","District":" ","Acres":" ","Irrigated_":" ","Dry_Farm_A":" ","Grazing_Ac":" ","Pasture_Ac":" ","Crop_Desc":" ","Crops_Oats":" ","Crops_Whea":" ","Crops_Alfa":" ","Crops_Mixe":" ","Crops_Bean":" ","Garden":" ","Potatoes":" ","Milk_Cows":" ","Chickens":" ","Other_fowl":" ","Stock_Desc":" ","Total_Hors":" ","Work_Horse":" ","Saddle_Hor":" ","Race_Horse":" ","Range_Hors":" ","Cattle":" ","House_desc":" ","House_Cond":" ","House_Comm":" ","Stable":" ","Barn":" ","Corrals":" ","Cellar_Cav":" ","Granary":" ","Garage":" ","Shed":" ","Outhouse":" ","Chicken_Ho":" ","Extra_Cabi":" ","Other":" ","Implement_":" ","Implement1":" ","Automobile":" ","Water_Desc":" ","Water_Type":" ","Gen_Cond":" ","Industry":" ","Remarks":" ","Categories":" ","Subject_He":" ","Tags_6to8":" ","Other_Comm":" "}},{"type":"Feature","id":1,"geometry":{"type":"Polygon","coordinates":[[[-107.92889284883297,45.313031211953515],[-107.93102902161732,45.313648220011139],[-107.9340405804065,45.314367414391455],[-107.93670516392487,45.3150040291886],[-107.93919058739431,45.315597841322997],[-107.94432509035435,45.316824901201592],[-107.94489456939827,45.316961074117735],[-107.94945893007498,45.316471819265104],[-107.95042272913687,45.316285353152068],[-107.95240357389683,45.315263139187216],[-107.95282394867412,45.315035127122343],[-107.95458719807812,45.31407826794991],[-107.95503542602275,45.313835534657692],[-107.95608567167292,45.313045604652551],[-107.95668362181939,45.312574503231474],[-107.95703584764337,45.312092728535163],[-107.9573325207102,45.311448622415966],[-107.95459257402253,45.311427858534948],[-107.94947380976303,45.311391969659965],[-107.94433055293727,45.311387124645535],[-107.93918726197535,45.311382694054437],[-107.93404113592969,45.311378310212348],[-107.92889495598493,45.311374009759824],[-107.92889284883297,45.313031211953515]]]},"properties":{"FID":1,"loc_gr":"b","FID_1":1471,"OBJECTID_1":1137,"OBJECTID":6436790,"STATEABBR":"MT","PRINMERCD":"20","PRINMER":"Montana Meridian","TWNSHPNO":"006","TWNSHPFRAC":"0","TWNSHPDIR":"S","RANGENO":"031","RANGEFRAC":"0","RANGEDIR":"E","TWNSHPDPCD":"0","PLSSID":"MT200060S0310E0","STEWARD":" ","TWNSHPLAB":"6S 31E","FRSTDIVID":"MT200060S0310E0SN170","FRSTDIVTYP":"SN","FRSTDIVTXT":"Section","FRSTDIVNO":"17","FRSTDIVDUP":"0","FRSTDIVLAB":"17","SECDIVID":"MT200060S0310E0SN170ASENW","SECDIVTYP":"A","SECDIVTXT":"Aliquot Part","SECDIVNO":"SENW","SECDIVSUF":" ","SECDIVNOTE":" ","SECDIVLAB":"SENW","SURVID":" ","SURVTYP":" ","SURVTYPTXT":" ","SRVNAME":" ","SURVNO":" ","SURVSUF":" ","SURVNOTE":" ","SURVDIV":" ","SURVLAB":" ","QSEC":" ","QQSEC":" ","GOVLOT":" ","SOURCEREF":" ","SOURCEDATE":null,"RECRDAREAT":"40 Acres","RECRDAREAN":40,"GISACRE":40.10693697,"REVISEDDAT":null,"Shape_Leng":2291.4879875000001,"file_num":72,"Shape_Le_2":2291.4879875000001,"Shape_Area":328181.57727800001,"survey_id":"na","homestd_id":"na","highlight":5,"hatch":0,"survey_gr":" ","homestd_gr":" ","loc_note":"United States Indian Irrigation Service","loc_gr_1":"b","unique_id":" ","File":" ","Page":0,"First_Name":" ","Last_Name":" ","Alt_Name":" ","Linked_Acc":" ","Sex":" ","Photo_Desc":" ","Photo_De_1":" ","No_of_Room":" ","Constructi":" ","People":" ","Age":0,"Survey_Dat":null,"Alt_Survey":null,"Survey_All":" ","Homestead_":" ","Property_N":" ","Degree":" ","Status":" ","Reimb_Debt":0,"Family_Des":" ","Family_Siz":0,"Household_":0,"Generation":0,"Alt_Family":" ","HOH_Marita":" ","Education_":" ","Education1":" ","Educatio_1":" ","School_Des":" ","School_Loc":" ","School_typ":" ","Health_Com":" ","Health":" ","Location_D":" ","District":" ","Acres":" ","Irrigated_":" ","Dry_Farm_A":" ","Grazing_Ac":" ","Pasture_Ac":" ","Crop_Desc":" ","Crops_Oats":" ","Crops_Whea":" ","Crops_Alfa":" ","Crops_Mixe":" ","Crops_Bean":" ","Garden":" ","Potatoes":" ","Milk_Cows":" ","Chickens":" ","Other_fowl":" ","Stock_Desc":" ","Total_Hors":" ","Work_Horse":" ","Saddle_Hor":" ","Race_Horse":" ","Range_Hors":" ","Cattle":" ","House_desc":" ","House_Cond":" ","House_Comm":" ","Stable":" ","Barn":" ","Corrals":" ","Cellar_Cav":" ","Granary":" ","Garage":" ","Shed":" ","Outhouse":" ","Chicken_Ho":" ","Extra_Cabi":" ","Other":" ","Implement_":" ","Implement1":" ","Automobile":" ","Water_Desc":" ","Water_Type":" ","Gen_Cond":" ","Industry":" ","Remarks":" ","Categories":" ","Subject_He":" ","Tags_6to8":" ","Other_Comm":" "}},{"type":"Feature","id":2,"geometry":{"type":"MultiPolygon","coordinates":[[[[-107.94946962680915,45.304141999202656],[-107.94947182922802,45.307766984726051],[-107.94947380976303,45.311391969659965],[-107.95459257402253,45.311427858534948],[-107.9573325207102,45.311448622415966],[-107.9573444835729,45.311422667257766],[-107.95744434205588,45.311067987272558],[-107.9575817338532,45.310134144419379],[-107.95772252121853,45.30883900417944],[-107.95763495324361,45.307826002683861],[-107.95757158593807,45.307093489004551],[-107.95801866925378,45.305870568530239],[-107.95869328771931,45.304207129310008],[-107.95947169409236,45.303266487929399],[-107.95972265196684,45.303086031420193],[-107.96078887506056,45.302319820156868],[-107.96485172129503,45.300847833618256],[-107.96539775693999,45.300650741277231],[-107.96916062995815,45.301287868309515],[-107.96916145723337,45.300877035311053],[-107.96916187042197,45.300672674802094],[-107.96916938957447,45.29705303650136],[-107.96918304241102,45.293353872066412],[-107.96919681202367,45.289625762166956],[-107.96491453400242,45.289628551501671],[-107.95976100134811,45.289634003470326],[-107.95975678621143,45.293319977291958],[-107.95975254861155,45.296975184284065],[-107.95461662832206,45.29693325409923],[-107.95460492571482,45.300555942472776],[-107.94946894254343,45.300515952864707],[-107.94946962680915,45.304141999202656]]],[[[-107.96484782003118,45.301521553836004],[-107.96293581764392,45.30234866176464],[-107.96021033492956,45.303422314961651],[-107.95974410573946,45.304217614326063],[-107.95971566418679,45.304296012179513],[-107.95914198133349,45.305878811588656],[-107.95871036348385,45.307474020579868],[-107.95869520177978,45.307836521777723],[-107.95865272511217,45.308845297807544],[-107.95864718093469,45.31010861121139],[-107.95836098684431,45.311459030917135],[-107.95971212251229,45.311469273871175],[-107.96485349467744,45.311505174698198],[-107.9691465390157,45.311533919207371],[-107.96915072272205,45.307913113746224],[-107.96915493517474,45.30429231075528],[-107.96915906163544,45.302049813289692],[-107.96537100881308,45.301294804529562],[-107.96484782003118,45.301521553836004]]]]},"properties":{"FID":2,"loc_gr":"c","FID_1":1450,"OBJECTID_1":1116,"OBJECTID":6436769,"STATEABBR":"MT","PRINMERCD":"20","PRINMER":"Montana Meridian","TWNSHPNO":"006","TWNSHPFRAC":"0","TWNSHPDIR":"S","RANGENO":"031","RANGEFRAC":"0","RANGEDIR":"E","TWNSHPDPCD":"0","PLSSID":"MT200060S0310E0","STEWARD":" ","TWNSHPLAB":"6S 31E","FRSTDIVID":"MT200060S0310E0SN190","FRSTDIVTYP":"SN","FRSTDIVTXT":"Section","FRSTDIVNO":"19","FRSTDIVDUP":"0","FRSTDIVLAB":"19","SECDIVID":"MT200060S0310E0SN190L2","SECDIVTYP":"L","SECDIVTXT":"Government Lot","SECDIVNO":"2","SECDIVSUF":" ","SECDIVNOTE":" ","SECDIVLAB":"L 2","SURVID":" ","SURVTYP":" ","SURVTYPTXT":" ","SRVNAME":" ","SURVNO":" ","SURVSUF":" ","SURVNOTE":" ","SURVDIV":" ","SURVLAB":" ","QSEC":" ","QQSEC":" ","GOVLOT":"2","SOURCEREF":" ","SOURCEDATE":null,"RECRDAREAT":"17.38 Acres","RECRDAREAN":17.379999999999999,"GISACRE":17.857208180000001,"REVISEDDAT":null,"Shape_Leng":1735.2411974500001,"file_num":72,"Shape_Le_2":1735.2411974500001,"Shape_Area":146068.72504799999,"survey_id":"na","homestd_id":"na","highlight":5,"hatch":0,"survey_gr":" ","homestd_gr":" ","loc_note":"Big Horn Canyon Irrigation and Power Company","loc_gr_1":"c","unique_id":" ","File":" ","Page":0,"First_Name":" ","Last_Name":" ","Alt_Name":" ","Linked_Acc":" ","Sex":" ","Photo_Desc":" ","Photo_De_1":" ","No_of_Room":" ","Constructi":" ","People":" ","Age":0,"Survey_Dat":null,"Alt_Survey":null,"Survey_All":" ","Homestead_":" ","Property_N":" ","Degree":" ","Status":" ","Reimb_Debt":0,"Family_Des":" ","Family_Siz":0,"Household_":0,"Generation":0,"Alt_Family":" ","HOH_Marita":" ","Education_":" ","Education1":" ","Educatio_1":" ","School_Des":" ","School_Loc":" ","School_typ":" ","Health_Com":" ","Health":" ","Location_D":" ","District":" ","Acres":" ","Irrigated_":" ","Dry_Farm_A":" ","Grazing_Ac":" ","Pasture_Ac":" ","Crop_Desc":" ","Crops_Oats":" ","Crops_Whea":" ","Crops_Alfa":" ","Crops_Mixe":" ","Crops_Bean":" ","Garden":" ","Potatoes":" ","Milk_Cows":" ","Chickens":" ","Other_fowl":" ","Stock_Desc":" ","Total_Hors":" ","Work_Horse":" ","Saddle_Hor":" ","Race_Horse":" ","Range_Hors":" ","Cattle":" ","House_desc":" ","House_Cond":" ","House_Comm":" ","Stable":" ","Barn":" ","Corrals":" ","Cellar_Cav":" ","Granary":" ","Garage":" ","Shed":" ","Outhouse":" ","Chicken_Ho":" ","Extra_Cabi":" ","Other":" ","Implement_":" ","Implement1":" ","Automobile":" ","Water_Desc":" ","Water_Type":" ","Gen_Cond":" ","Industry":" ","Remarks":" ","Categories":" ","Subject_He":" ","Tags_6to8":" ","Other_Comm":" "}}]}